sentiment_score,neutral,angry,happy,keywords_count,transcript_length,label
0.95,0.85,0.05,0.10,2,98,good
0.78,0.60,0.15,0.25,3,120,good
0.45,0.55,0.20,0.25,4,140,neutral
0.22,0.30,0.55,0.15,6,190,bad
0.10,0.20,0.70,0.10,7,220,bad
0.9957500696182251,1,0.7921559810638428,0,4,9,bad
0.9957500696182251,0.7921559810638428,0.0,0.0,0.0,0.0,0,4,9,sales
0.9957500696182251,0.7921559810638428,0.0,0.0,0.0,0.0,0,4,9,sales
0.9909207820892334,0.0,0.0,0.0,0.0,0.0,0,3,17,sales
0.9909207820892334,0.0,0.0,0.0,0.0,0.0,0,3,17,customer
0.9909207820892334,0.0,0.0,0.0,0.0,0.0,0,3,17,customer
0.9909207820892334,0.0,0.0,0.0,0.0,0.0,0,3,17,customer
0.9957500696182251,0.7921559810638428,0.0,0.0,0.0,0.0,0,4,9,customer
